[
  {
    "id": 2,
    "nome": "Nicolas da Rosa",
    "crm": "CRM-ES 614705",
    "especialidadeCodigo": 2,
    "telefone": "+55 (041) 3853-0820",
    "email": "vianajoao-pedro@yahoo.com.br"
  },
  {
    "id": 3,
    "nome": "Joana da Mata",
    "crm": "CRM-SP 217496",
    "especialidadeCodigo": 3,
    "telefone": "+55 51 7026 3831",
    "email": "costelaisabel@bol.com.br"
  },
  {
    "id": 4,
    "nome": "Eduarda da Paz",
    "crm": "CRM-PI 672693",
    "especialidadeCodigo": 4,
    "telefone": "+55 81 9501-4248",
    "email": "laura85@carvalho.br"
  },
  {
    "id": 5,
    "nome": "Nicolas Ramos",
    "crm": "CRM-MT 474895",
    "especialidadeCodigo": 5,
    "telefone": "61 8611 3998",
    "email": "zsantos@gmail.com"
  },
  {
    "id": 6,
    "nome": "Valentina Rodrigues",
    "crm": "CRM-MT 803522",
    "especialidadeCodigo": 6,
    "telefone": "+55 (084) 7434 4896",
    "email": "lgomes@ribeiro.com"
  },
  {
    "id": 7,
    "nome": "Pedro Miguel Costa",
    "crm": "CRM-AM 572184",
    "especialidadeCodigo": 7,
    "telefone": "21 9348-0135",
    "email": "noah20@da.br"
  },
  {
    "id": 8,
    "nome": "Luiz Felipe Martins",
    "crm": "CRM-AL 840173",
    "especialidadeCodigo": 8,
    "telefone": "0300 513 6323",
    "email": "gustavo88@lima.br"
  },
  {
    "id": 9,
    "nome": "Manuela da Mata",
    "crm": "CRM-BA 130760",
    "especialidadeCodigo": 9,
    "telefone": "(061) 6339-4420",
    "email": "yurida-costa@bol.com.br"
  },
  {
    "id": 10,
    "nome": "João Vitor Freitas",
    "crm": "CRM-PB 202496",
    "especialidadeCodigo": 10,
    "telefone": "(041) 1942-0079",
    "email": "vieiraenzo@bol.com.br"
  },
  {
    "id": 11,
    "nome": "Yago da Mata",
    "crm": "CRM-CE 910510",
    "especialidadeCodigo": 1,
    "telefone": "0800 023 0170",
    "email": "oliviamoreira@ig.com.br"
  },
  {
    "id": 12,
    "nome": "Mirella Costela",
    "crm": "CRM-MT 290812",
    "especialidadeCodigo": 2,
    "telefone": "+55 71 1674 5567",
    "email": "nina68@martins.com"
  },
  {
    "id": 13,
    "nome": "Isabelly da Rocha",
    "crm": "CRM-SE 10186",
    "especialidadeCodigo": 3,
    "telefone": "(061) 2747-2605",
    "email": "mariacosta@lima.com"
  },
  {
    "id": 14,
    "nome": "Maysa Fogaça",
    "crm": "CRM-PA 24915",
    "especialidadeCodigo": 4,
    "telefone": "21 6074-6974",
    "email": "fernandabarbosa@gmail.com"
  },
  {
    "id": 15,
    "nome": "Srta. Pietra Campos",
    "crm": "CRM-GO 293019",
    "especialidadeCodigo": 5,
    "telefone": "61 9942 0659",
    "email": "vitor85@ramos.br"
  },
  {
    "id": 16,
    "nome": "Calebe Martins",
    "crm": "CRM-MT 864097",
    "especialidadeCodigo": 6,
    "telefone": "+55 84 2778-5552",
    "email": "npinto@caldeira.com"
  },
  {
    "id": 17,
    "nome": "Lorenzo Castro",
    "crm": "CRM-GO 21070",
    "especialidadeCodigo": 7,
    "telefone": "(071) 9312 7782",
    "email": "azevedomarina@yahoo.com.br"
  },
  {
    "id": 18,
    "nome": "Enzo da Costa",
    "crm": "CRM-PR 422130",
    "especialidadeCodigo": 8,
    "telefone": "81 2073 0011",
    "email": "heitor76@yahoo.com.br"
  },
  {
    "id": 19,
    "nome": "Luiz Henrique da Rosa",
    "crm": "CRM-DF 281214",
    "especialidadeCodigo": 9,
    "telefone": "(021) 4662 5274",
    "email": "leticia15@moraes.br"
  },
  {
    "id": 20,
    "nome": "Sabrina Correia",
    "crm": "CRM-AM 51290",
    "especialidadeCodigo": 10,
    "telefone": "+55 71 1988-1064",
    "email": "maysaporto@bol.com.br"
  },
  {
    "id": 21,
    "nome": "João Vitor Alves",
    "crm": "CRM-PE 372893",
    "especialidadeCodigo": 1,
    "telefone": "+55 (051) 4022 8513",
    "email": "xcostela@da.br"
  },
  {
    "id": 22,
    "nome": "Enzo Pereira",
    "crm": "CRM-AP 240520",
    "especialidadeCodigo": 2,
    "telefone": "+55 (031) 7867-5099",
    "email": "biancacampos@porto.br"
  },
  {
    "id": 23,
    "nome": "Matheus Correia",
    "crm": "CRM-CE 367186",
    "especialidadeCodigo": 3,
    "telefone": "(081) 5793 6808",
    "email": "ana-sophia38@hotmail.com"
  },
  {
    "id": 24,
    "nome": "João Guilherme Barros",
    "crm": "CRM-ES 439718",
    "especialidadeCodigo": 4,
    "telefone": "(061) 5698 6454",
    "email": "davi60@carvalho.com"
  },
  {
    "id": 25,
    "nome": "Davi Lucas Nunes",
    "crm": "CRM-RS 495251",
    "especialidadeCodigo": 5,
    "telefone": "41 3464-2251",
    "email": "caroline05@bol.com.br"
  },
  {
    "id": 26,
    "nome": "Benjamin Azevedo",
    "crm": "CRM-PR 496741",
    "especialidadeCodigo": 6,
    "telefone": "+55 21 6555-5301",
    "email": "thales49@souza.net"
  },
  {
    "id": 27,
    "nome": "Daniel da Rocha",
    "crm": "CRM-BA 487890",
    "especialidadeCodigo": 7,
    "telefone": "+55 81 6525 6275",
    "email": "luiz-henrique83@silveira.org"
  },
  {
    "id": 28,
    "nome": "Vitória Lopes",
    "crm": "CRM-DF 177617",
    "especialidadeCodigo": 8,
    "telefone": "+55 71 8192 5255",
    "email": "hlopes@fernandes.br"
  },
  {
    "id": 29,
    "nome": "Lorenzo Campos",
    "crm": "CRM-RJ 997827",
    "especialidadeCodigo": 9,
    "telefone": "+55 71 3165-7383",
    "email": "emilly64@ig.com.br"
  },
  {
    "id": 30,
    "nome": "Júlia Nunes",
    "crm": "CRM-PI 843706",
    "especialidadeCodigo": 10,
    "telefone": "(071) 4490 7195",
    "email": "marina64@duarte.br"
  },
  {
    "id": 3,
    "nome": "Dr Alister",
    "crm": "CRM-MG 231654",
    "especialidadeCodigo": 4,
    "telefone": "(31) 9557 7982",
    "email": "maria@email.com"
  },
  {
    "id": 3,
    "nome": "Dr Alister",
    "crm": "CRM-MG 231654",
    "especialidadeCodigo": 4,
    "telefone": "(31) 9557 7982",
    "email": "maria@email.com"
  }
]