[
  {
    "id": 2,
    "nome": "Lucas Campos",
    "dataNascimento": "1986-03-23",
    "cpf": "605.742.938-92",
    "telefone": "11 2607-5473",
    "email": "henrique56@yahoo.com.br",
    "patologiaCodigo": 2
  },
  {
    "id": 3,
    "nome": "Heitor Moreira",
    "dataNascimento": "1956-02-25",
    "cpf": "803.741.625-90",
    "telefone": "+55 (051) 2273 1003",
    "email": "jfarias@uol.com.br",
    "patologiaCodigo": 1
  },
  {
    "id": 4,
    "nome": "Otávio Santos",
    "dataNascimento": "1982-05-29",
    "cpf": "041.637.852-80",
    "telefone": "+55 11 4502 0067",
    "email": "lpires@almeida.com",
    "patologiaCodigo": null
  },
  {
    "id": 5,
    "nome": "Emilly Oliveira",
    "dataNascimento": "1951-03-21",
    "cpf": "146.329.570-70",
    "telefone": "(051) 2048 7387",
    "email": "jesusigor@da.com",
    "patologiaCodigo": 5
  },
  {
    "id": 6,
    "nome": "Eduarda Pires",
    "dataNascimento": "1994-06-25",
    "cpf": "784.652.193-46",
    "telefone": "+55 11 0275-9768",
    "email": "alice65@da.com",
    "patologiaCodigo": 4
  },
  {
    "id": 7,
    "nome": "Maria Julia Peixoto",
    "dataNascimento": "1948-11-01",
    "cpf": "075.891.623-02",
    "telefone": "11 9738-0583",
    "email": "santosyago@dias.net",
    "patologiaCodigo": 4
  },
  {
    "id": 8,
    "nome": "Kamilly da Paz",
    "dataNascimento": "1971-03-25",
    "cpf": "680.325.194-24",
    "telefone": "(081) 1010 9056",
    "email": "lara79@barbosa.com",
    "patologiaCodigo": 3
  },
  {
    "id": 9,
    "nome": "Bruno da Luz",
    "dataNascimento": "1994-12-13",
    "cpf": "958.301.642-05",
    "telefone": "0800 966 2860",
    "email": "raquel88@hotmail.com",
    "patologiaCodigo": null
  },
  {
    "id": 10,
    "nome": "Vitor Moreira",
    "dataNascimento": "2007-07-11",
    "cpf": "850.291.743-97",
    "telefone": "21 1003 7824",
    "email": "milenaduarte@souza.com",
    "patologiaCodigo": 2
  },
  {
    "id": 11,
    "nome": "Isadora Souza",
    "dataNascimento": "1939-12-23",
    "cpf": "241.790.568-01",
    "telefone": "+55 (011) 1297-8390",
    "email": "isabella50@bol.com.br",
    "patologiaCodigo": null
  },
  {
    "id": 12,
    "nome": "Lucas Gabriel da Paz",
    "dataNascimento": "1994-12-01",
    "cpf": "503.896.174-66",
    "telefone": "(031) 1753 0387",
    "email": "nicolas50@hotmail.com",
    "patologiaCodigo": null
  },
  {
    "id": 13,
    "nome": "Laís Aragão",
    "dataNascimento": "1988-02-28",
    "cpf": "950.132.746-99",
    "telefone": "+55 41 8075 3496",
    "email": "emanuel85@hotmail.com",
    "patologiaCodigo": 9
  },
  {
    "id": 14,
    "nome": "Ana Julia Freitas",
    "dataNascimento": "1962-05-20",
    "cpf": "491.678.205-49",
    "telefone": "31 0405 1726",
    "email": "valentinaazevedo@uol.com.br",
    "patologiaCodigo": 2
  },
  {
    "id": 15,
    "nome": "Daniela Moreira",
    "dataNascimento": "1997-04-18",
    "cpf": "158.607.923-95",
    "telefone": "+55 (081) 1234 3927",
    "email": "ana-luiza06@uol.com.br",
    "patologiaCodigo": 10
  },
  {
    "id": 16,
    "nome": "Bruna Costa",
    "dataNascimento": "1985-05-27",
    "cpf": "560.987.241-30",
    "telefone": "+55 (011) 5563-4323",
    "email": "fduarte@bol.com.br",
    "patologiaCodigo": 7
  },
  {
    "id": 17,
    "nome": "Isis Gomes",
    "dataNascimento": "1961-05-27",
    "cpf": "620.735.941-07",
    "telefone": "+55 (051) 5517-7014",
    "email": "julia61@nogueira.com",
    "patologiaCodigo": 1
  },
  {
    "id": 18,
    "nome": "Noah Barros",
    "dataNascimento": "2002-11-22",
    "cpf": "984.165.732-55",
    "telefone": "0500 862 9407",
    "email": "camposantonio@peixoto.br",
    "patologiaCodigo": 1
  },
  {
    "id": 19,
    "nome": "Luiz Felipe Gonçalves",
    "dataNascimento": "1967-12-24",
    "cpf": "109.523.684-98",
    "telefone": "+55 (041) 1070 1566",
    "email": "anthonycavalcanti@hotmail.com",
    "patologiaCodigo": 2
  },
  {
    "id": 20,
    "nome": "Dr. Bernardo Fernandes",
    "dataNascimento": "1943-04-12",
    "cpf": "256.143.897-09",
    "telefone": "+55 41 6115-9272",
    "email": "da-cunhavitoria@das.br",
    "patologiaCodigo": 4
  },
  {
    "id": 21,
    "nome": "Sr. Anthony Moreira",
    "dataNascimento": "1987-07-03",
    "cpf": "742.530.196-25",
    "telefone": "(051) 5152-7225",
    "email": "pcampos@mendes.com",
    "patologiaCodigo": 4
  },
  {
    "id": 22,
    "nome": "Heitor Nunes",
    "dataNascimento": "1997-08-27",
    "cpf": "749.501.682-58",
    "telefone": "+55 (041) 7198 3637",
    "email": "silveiramurilo@campos.net",
    "patologiaCodigo": 9
  },
  {
    "id": 23,
    "nome": "Heitor Melo",
    "dataNascimento": "1989-02-06",
    "cpf": "354.260.871-80",
    "telefone": "+55 31 8774 3095",
    "email": "enzo-gabrielcastro@cardoso.br",
    "patologiaCodigo": 10
  },
  {
    "id": 24,
    "nome": "Isabel Moreira",
    "dataNascimento": "1983-06-18",
    "cpf": "893.104.567-01",
    "telefone": "31 1230-0390",
    "email": "da-cunhaana-vitoria@duarte.net",
    "patologiaCodigo": 1
  },
  {
    "id": 25,
    "nome": "Davi Lucca Silveira",
    "dataNascimento": "2021-12-14",
    "cpf": "125.378.960-68",
    "telefone": "(011) 8235 1305",
    "email": "cauabarbosa@melo.org",
    "patologiaCodigo": 9
  },
  {
    "id": 26,
    "nome": "Arthur Almeida",
    "dataNascimento": "2021-08-30",
    "cpf": "709.613.428-03",
    "telefone": "11 8248-2326",
    "email": "noahcaldeira@gmail.com",
    "patologiaCodigo": 4
  },
  {
    "id": 27,
    "nome": "Isabella Silveira",
    "dataNascimento": "1966-08-06",
    "cpf": "547.823.016-26",
    "telefone": "71 7583 0967",
    "email": "andrearaujo@rezende.net",
    "patologiaCodigo": null
  },
  {
    "id": 28,
    "nome": "Cauê da Mota",
    "dataNascimento": "2016-05-09",
    "cpf": "204.786.913-78",
    "telefone": "+55 (084) 4624-0451",
    "email": "oribeiro@gomes.com",
    "patologiaCodigo": null
  },
  {
    "id": 29,
    "nome": "Dra. Ana Julia da Rocha",
    "dataNascimento": "2008-02-11",
    "cpf": "208.491.653-42",
    "telefone": "+55 (081) 9154-9337",
    "email": "luiza83@gmail.com",
    "patologiaCodigo": null
  },
  {
    "id": 30,
    "nome": "Bárbara Fernandes",
    "dataNascimento": "1988-08-08",
    "cpf": "429.738.510-41",
    "telefone": "+55 41 3317-6923",
    "email": "thalespereira@costa.br",
    "patologiaCodigo": 9
  },
  {
    "id": 31,
    "nome": "Sr. Marcelo Correia",
    "dataNascimento": "2007-04-11",
    "cpf": "695.812.734-09",
    "telefone": "+55 51 1490 9765",
    "email": "lucasda-conceicao@correia.com",
    "patologiaCodigo": 7
  },
  {
    "id": 32,
    "nome": "Dr. Ryan Dias",
    "dataNascimento": "2022-12-15",
    "cpf": "643.908.125-05",
    "telefone": "(051) 2963-7315",
    "email": "diashenrique@teixeira.com",
    "patologiaCodigo": 4
  },
  {
    "id": 33,
    "nome": "Isabel Araújo",
    "dataNascimento": "2011-10-30",
    "cpf": "906.387.524-00",
    "telefone": "+55 (051) 2217 0230",
    "email": "emelo@moraes.com",
    "patologiaCodigo": 8
  },
  {
    "id": 34,
    "nome": "Maria Julia da Rosa",
    "dataNascimento": "2022-06-14",
    "cpf": "945.218.703-41",
    "telefone": "+55 (084) 1931-7412",
    "email": "aragaoemanuella@sales.br",
    "patologiaCodigo": 10
  },
  {
    "id": 35,
    "nome": "Maria Clara Fernandes",
    "dataNascimento": "1944-08-01",
    "cpf": "638.971.540-48",
    "telefone": "(084) 5741-3721",
    "email": "sarahsilveira@barbosa.org",
    "patologiaCodigo": 5
  },
  {
    "id": 36,
    "nome": "Ana Júlia Caldeira",
    "dataNascimento": "1935-10-27",
    "cpf": "185.609.273-95",
    "telefone": "+55 (051) 0055-8875",
    "email": "xda-cruz@farias.com",
    "patologiaCodigo": 1
  },
  {
    "id": 37,
    "nome": "Marcelo Nogueira",
    "dataNascimento": "1993-09-23",
    "cpf": "260.854.713-35",
    "telefone": "0800-806-3989",
    "email": "varaujo@hotmail.com",
    "patologiaCodigo": 3
  },
  {
    "id": 38,
    "nome": "João Monteiro",
    "dataNascimento": "2010-12-19",
    "cpf": "638.945.102-42",
    "telefone": "+55 (011) 4680-4124",
    "email": "wfernandes@lopes.com",
    "patologiaCodigo": null
  },
  {
    "id": 39,
    "nome": "Maria Fernanda da Costa",
    "dataNascimento": "1992-04-18",
    "cpf": "743.256.810-35",
    "telefone": "0900-282-8217",
    "email": "laviniafogaca@yahoo.com.br",
    "patologiaCodigo": 7
  },
  {
    "id": 40,
    "nome": "Gabrielly Caldeira",
    "dataNascimento": "1968-03-01",
    "cpf": "381.709.524-41",
    "telefone": "(021) 2384 5190",
    "email": "emanuelly25@pereira.org",
    "patologiaCodigo": 6
  },
  {
    "id": 41,
    "nome": "Srta. Isadora Duarte",
    "dataNascimento": "1937-05-13",
    "cpf": "091.463.582-42",
    "telefone": "+55 81 8435-7287",
    "email": "bruno02@ferreira.com",
    "patologiaCodigo": 5
  },
  {
    "id": 42,
    "nome": "Benjamin Pires",
    "dataNascimento": "1999-04-18",
    "cpf": "432.618.590-24",
    "telefone": "+55 (011) 9128 6749",
    "email": "viniciusfreitas@moreira.br",
    "patologiaCodigo": 3
  },
  {
    "id": 43,
    "nome": "Pedro Ferreira",
    "dataNascimento": "1994-12-09",
    "cpf": "109.236.847-78",
    "telefone": "+55 (021) 7745 4141",
    "email": "fariascarlos-eduardo@bol.com.br",
    "patologiaCodigo": 4
  },
  {
    "id": 44,
    "nome": "Enrico Costa",
    "dataNascimento": "1957-12-15",
    "cpf": "167.593.284-00",
    "telefone": "41 4996-9901",
    "email": "augusto49@uol.com.br",
    "patologiaCodigo": 6
  },
  {
    "id": 45,
    "nome": "Maitê Lopes",
    "dataNascimento": "1939-06-25",
    "cpf": "829.367.154-82",
    "telefone": "+55 84 4012 8709",
    "email": "hmoura@ribeiro.org",
    "patologiaCodigo": 2
  },
  {
    "id": 46,
    "nome": "Laís Dias",
    "dataNascimento": "1981-04-22",
    "cpf": "650.438.219-06",
    "telefone": "(071) 1376 5270",
    "email": "pintoana-laura@fernandes.br",
    "patologiaCodigo": 2
  },
  {
    "id": 47,
    "nome": "Davi Luiz Pires",
    "dataNascimento": "1991-04-08",
    "cpf": "194.260.375-43",
    "telefone": "+55 (021) 6066-0002",
    "email": "earaujo@bol.com.br",
    "patologiaCodigo": 7
  },
  {
    "id": 48,
    "nome": "João Felipe Fernandes",
    "dataNascimento": "1956-12-24",
    "cpf": "193.726.485-82",
    "telefone": "+55 51 4865 6281",
    "email": "renan00@uol.com.br",
    "patologiaCodigo": 2
  },
  {
    "id": 49,
    "nome": "Rodrigo Ribeiro",
    "dataNascimento": "2022-08-13",
    "cpf": "342.681.095-60",
    "telefone": "(081) 8868-1484",
    "email": "saleseduardo@lima.com",
    "patologiaCodigo": 6
  },
  {
    "id": 50,
    "nome": "Dr. Thales Oliveira",
    "dataNascimento": "1998-08-27",
    "cpf": "259.061.748-85",
    "telefone": "0500-797-2548",
    "email": "isabellyda-costa@correia.com",
    "patologiaCodigo": 6
  },
  {
    "id": 3,
    "nome": "Maria",
    "dataNascimento": "2000-09-23",
    "cpf": "078.531.962-02",
    "telefone": "31 9557 7982",
    "email": "maria@email.com",
    "patologiaCodigo": 5
  },
  {
    "id": 3,
    "nome": "Maria",
    "dataNascimento": "2000-09-23",
    "cpf": "078.531.962-02",
    "telefone": "31 9557 7982",
    "email": "maria@email.com",
    "patologiaCodigo": 5
  },
  {
    "id": 3,
    "nome": "Maria",
    "dataNascimento": "2000-09-23",
    "cpf": "078.531.962-02",
    "telefone": "31 9557 7982",
    "email": "maria@email.com",
    "patologiaCodigo": 5
  }
]